name,price,link
Подвесной светильник Сансет Black,2990,https://www.divan.ru/product/podvesnoj-svetilnik-sanset-black
Настольная лампа Машрум Gold,2990,https://www.divan.ru/product/nastolnaya-lampa-mashrum-gold
Бра Бабл Black,1790,https://www.divan.ru/product/bra-babl-black
Подвесной светильник Бабл-3,5990,https://www.divan.ru/product/podvesnoj-svetilnik-babl-3
Торшер Билли Black,13990,https://www.divan.ru/product/torsher-billi-black
Подвесной светильник Бабл-9,15990,https://www.divan.ru/product/podvesnoj-svetilnik-babl-9
Торшер Бабл-1,5990,https://www.divan.ru/product/torsher-babl-1
Бра Варио White,790,https://www.divan.ru/product/bra-vario-white
Настольная лампа Дэнди Black,4590,https://www.divan.ru/product/nastolnaya-lampa-dendi-black
Подвесной светильник Кэндел Black,2590,https://www.divan.ru/product/podvesnoj-svetilnik-kendel-black
Настольная лампа Дэнди White,3990,https://www.divan.ru/product/nastolnaya-lampa-dendi-white
Торшер Варио White,5990,https://www.divan.ru/product/torsher-vario-white
Подвесной светильник Кэндел White,1990,https://www.divan.ru/product/podvesnoj-svetilnik-kendel-white
Бра Варио Black,790,https://www.divan.ru/product/bra-vario-black
Настольная лампа Junior-4,2990,https://www.divan.ru/product/nastolnaya-lampa-junior-4
Подвесной светильник Сансет White,2990,https://www.divan.ru/product/podvesnoj-svetilnik-sanset-white
Бра Tarbes-2,3290,https://www.divan.ru/product/bra-tarbes-2
Подвесной светильник Кая Black,2490,https://www.divan.ru/product/podvesnoj-svetilnik-kaya-black
Светильник потолочный Matthew,4990,https://www.divan.ru/product/svetilnik-potolochnyj-matthew
Торшер Шани Black,11390,https://www.divan.ru/product/torsher-shani-black
Подвесной светильник Маро Green,11690,https://www.divan.ru/product/podvesnoj-svetilnik-maro-green
Торшер Варио Black,5990,https://www.divan.ru/product/torsher-vario-black
Торшер Мун Black,4990,https://www.divan.ru/product/torsher-mun-black
Торшер Билли White,13990,https://www.divan.ru/product/torsher-billi-white
Настольная лампа Раффи Round,5790,https://www.divan.ru/product/nastolnaya-lampa-raffi-round
Бра Moderli Alina,3390,https://www.divan.ru/product/bra-moderli-alina
Торшер Рэй White,4590,https://www.divan.ru/product/torsher-rej-white
Настольная лампа Гросс White,2990,https://www.divan.ru/product/nastolnaya-lampa-gross-white
Торшер Гросс White,4990,https://www.divan.ru/product/torsher-gross-white
Настольная лампа Рэй White,2990,https://www.divan.ru/product/nastolnaya-lampa-rej-white
Подвесной светильник Портланд Black,3190,https://www.divan.ru/product/podvesnoj-svetilnik-portland-black
Торшер Клауд White,13990,https://www.divan.ru/product/torsher-klaud-white
Торшер Рэй Black,4590,https://www.divan.ru/product/torsher-rej-black
Настольная лампа Рэй Black,2990,https://www.divan.ru/product/nastolnaya-lampa-rej-black
Настольная лампа Сфера Black,3990,https://www.divan.ru/product/nastolnaya-lampa-sfera-black
Настольная лампа Спайк Green,990,https://www.divan.ru/product/nastolnaya-lampa-spajk-green
Настольная лампа Гровер Glass,3990,https://www.divan.ru/product/nastolnaya-lampa-grover-glass
Настольная лампа Машрум Grey,2990,https://www.divan.ru/product/nastolnaya-lampa-mashrum-grey
Настольная лампа Спайк Orange,990,https://www.divan.ru/product/nastolnaya-lampa-spajk-orange
Настольная лампа Клауд White,8990,https://www.divan.ru/product/nastolnaya-lampa-klaud-white
Торшер Осло White,14990,https://www.divan.ru/product/torsher-oslo-white
Настольная лампа Сканди White,4490,https://www.divan.ru/product/nastolnaya-lampa-skandi-white
Торшер Осло Black,14990,https://www.divan.ru/product/torsher-oslo-black
Подвесной светильник Кая White,2490,https://www.divan.ru/product/podvesnoj-svetilnik-kaya-white
Торшер Вена Black,9990,https://www.divan.ru/product/torsher-vena-black
Торшер Вена Beige,8590,https://www.divan.ru/product/torsher-vena-beige
Настольная лампа Сфера Orange,4590,https://www.divan.ru/product/nastolnaya-lampa-sfera-orange
